teamName,playerName,position,updated,injury,injuryStatus
Atlanta,Jacob Toppin,SF,"Sun, Jul 20",Hip,Probable for start of season
Atlanta,Nikola Djurisic,SF,"Sun, Jul 20",Hip,Probable for start of season
Atlanta,Jalen Johnson,SF,"Tue, Jun 24",Shoulder,Probable for start of season
Boston,Jayson Tatum,PF,"Thu, Jul 24",Achilles,Expected to be out until at least Apr 1
Boston,Jaylen Brown,SF,"Tue, Jun 24",Knee,Probable for start of season
Boston,Anfernee Simons,SG,"Tue, Jun 24",Forearm,Probable for start of season
Brooklyn,Tyson Etienne,PG,"Tue, Jul 22",Illness,Probable for start of season
Brooklyn,Day'Ron Sharpe,C,"Mon, Jun 30",Knee,Probable for start of season
Brooklyn,Ziaire Williams,SF,"Mon, Jun 30",Knee,Probable for start of season
Brooklyn,Noah Clowney,PF,"Tue, Jun 24",Ankle,Probable for start of season
Brooklyn,Cam Thomas,SG,"Tue, Jun 24",Hamstring,Probable for start of season
Charlotte,Liam McNeeley,SF,"Thu, Jul 24",Achilles,Probable for start of season
Charlotte,Sion James,PG,"Thu, Jul 24",Hip,Probable for start of season
Charlotte,Tidjane Salaun,PF,"Mon, Jul 21",Achilles,Probable for start of season
Charlotte,Nick Smith Jr.,PG,"Tue, Jun 24",Groin,Probable for start of season
Charlotte,Brandon Miller,SG,"Tue, Jun 24",Wrist,Probable for start of season
Charlotte,Miles Bridges,PF,"Tue, Jun 24",Hip,Probable for start of season
Charlotte,Grant Williams,PF,"Tue, Jun 24",Knee,Probable for start of season
Charlotte,LaMelo Ball,PG,"Tue, Jun 24",Ankle,Probable for start of season
Charlotte,Josh Green,SF,"Tue, Jun 24",Shoulder,Probable for start of season
Chicago,Noa Essengue,PF,"Sat, Jul 19",Quadriceps,Probable for start of season
Chicago,Ayo Dosunmu,PG,"Tue, Jun 24",Shoulder,Probable for start of season
Cleveland,Darius Garland,PG,"Thu, Jul 24",Toe,Expected to be out until at least Nov 1
Cleveland,Craig Porter Jr.,PG,"Sat, Jul 19",Hamstring,Probable for start of season
Cleveland,Sam Merrill,SG,"Tue, Jun 24",Neck,Probable for start of season
Cleveland,Lonzo Ball,PG,"Tue, Jun 24",Wrist,Probable for start of season
Dallas,Kyrie Irving,PG,"Thu, Jul 24",Knee,Expected to be out until at least Jan 1
Dallas,Ryan Nembhard,—,"Thu, Jul 24",Rest,Probable for start of season
Dallas,Dereck Lively II,C,"Tue, Jul 15",Foot,Probable for start of season
Dallas,Anthony Davis,C,"Tue, Jul 8",Eye,Probable for start of season
Dallas,Olivier-Maxence Prosper,SF,"Tue, Jun 24",Wrist,Probable for start of season
Denver,Hunter Tyson,SF,"Sat, Jul 19",Undisclosed,Probable for start of season
Detroit,Ron Holland,SF,"Mon, Jul 21",Rest,Probable for start of season
Detroit,Jaden Ivey,SG,"Tue, Jun 24",Lower Leg,Probable for start of season
Detroit,Isaiah Stewart,PF,"Tue, Jun 24",Knee,Probable for start of season
Golden St.,Brandin Podziemski,SG,"Tue, Jun 24",Abdomen,Probable for start of season
Golden St.,Moses Moody,SF,"Tue, Jun 24",Thumb,Probable for start of season
Golden St.,Stephen Curry,PG,"Tue, Jun 24",Hamstring,Probable for start of season
Houston,Reed Sheppard,SG,"Mon, Jul 21",Rest,Probable for start of season
Houston,Dorian Finney-Smith,PF,"Mon, Jun 30",Ankle,Probable for start of season
Houston,Kevin Durant,PF,"Tue, Jun 24",Ankle,Probable for start of season
Indiana,Quenton Jackson,SG,"Sat, Jul 19",Leg,Probable for start of season
Indiana,Johnny Furphy,SG,"Sat, Jul 19",Rest,Probable for start of season
Indiana,Tyrese Haliburton,PG,"Wed, Jul 9",Achilles,"Expected to be out until at least Oct 1, 2026"
Indiana,James Wiseman,C,"Mon, Jul 7",Achilles,Probable for start of season
Indiana,Jarace Walker,PF,"Mon, Jun 23",Ankle,Probable for start of season
Indiana,Isaiah Jackson,C,"Mon, Jun 23",Achilles,Probable for start of season
L.A. Clippers,Yanic Konan Niederhauser,C,"Thu, Jul 24",Back,Probable for start of season
L.A. Clippers,Kobe Brown,SF,"Sun, Jul 20",Ankle,Probable for start of season
L.A. Lakers,Adou Thiero,SF,"Thu, Jul 24",Knee,Probable for start of season
L.A. Lakers,Eric Dixon,PF,"Thu, Jul 24",Foot,Probable for start of season
L.A. Lakers,Bronny James,PG,"Sat, Jul 19",Undisclosed,Probable for start of season
Memphis,Cedric Coward,SG,"Thu, Jul 24",Shoulder,Probable for start of season
Memphis,Zach Edey,C,"Thu, Jul 24",Ankle,Expected to be out until at least Nov 1
Memphis,Jaren Jackson Jr.,PF,"Tue, Jul 1",Toe,Probable for start of season
Memphis,Brandon Clarke,C,"Tue, Jun 24",Knee,Probable for start of season
Memphis,Ja Morant,PG,"Tue, Jun 24",Hip,Probable for start of season
Miami,Dru Smith,SG,"Tue, Jun 24",Achilles,Probable for start of season
Miami,Terry Rozier,SG,"Tue, Jun 24",Ankle,Probable for start of season
Milwaukee,Mark Sears,PG,"Thu, Jul 24",Calf,Probable for start of season
Milwaukee,Jamaree Bouyea,PG,"Sat, Jul 19",Rest,Probable for start of season
New Orleans,Dejounte Murray,PG,"Thu, Jul 24",Achilles,Expected to be out until at least Jan 1
New Orleans,Derik Queen,C,"Thu, Jul 24",Wrist,Probable for start of season
New Orleans,Micah Peavy,SG,"Thu, Jul 24",Rest,Probable for start of season
New Orleans,Yves Missi,C,"Sat, Jul 19",Rest,Probable for start of season
New Orleans,Jordan Hawkins,SG,"Tue, Jun 24",Back,Probable for start of season
New Orleans,Karlo Matkovic,PF,"Tue, Jun 24",Hamstring,Probable for start of season
New Orleans,Herbert Jones,SG,"Tue, Jun 24",Shoulder,Probable for start of season
New Orleans,Zion Williamson,PF,"Tue, Jun 24",Back,Probable for start of season
New Orleans,Trey Murphy III,SF,"Tue, Jun 24",Shoulder,Probable for start of season
New Orleans,Saddiq Bey,SF,"Tue, Jun 24",Knee,Probable for start of season
New York,Kevin McCullar Jr.,SG,"Mon, Jul 21",Nose,Probable for start of season
New York,Ariel Hukporti,C,"Mon, Jul 21",Knee,Probable for start of season
New York,Pacome Dadiet,SF,"Mon, Jul 21",Toe,Probable for start of season
New York,Josh Hart,SF,"Wed, Jul 16",Finger,Probable for start of season
Oklahoma City,Thomas Sorber,C,"Thu, Jul 24",Foot,Probable for start of season
Oklahoma City,Jalen Williams,SF,"Thu, Jul 3",Wrist,Probable for start of season
Orlando,Jase Richardson,SG,"Thu, Jul 24",Rest,Probable for start of season
Orlando,Moe Wagner,C,"Wed, Jul 23",Knee,Probable for start of season
Orlando,Tristan da Silva,SF,"Sat, Jul 19",Rest,Probable for start of season
Orlando,Noah Penda,SF,"Sat, Jul 19",Rest,Probable for start of season
Orlando,Jalen Suggs,SG,"Tue, Jun 24",Knee,Probable for start of season
Philadelphia,Johni Broome,PF,"Thu, Jul 24",Rest,Probable for start of season
Philadelphia,Justin Edwards,SF,"Sat, Jul 19",Rest,Probable for start of season
Philadelphia,Dom Barlow,PF,"Sat, Jul 19",Rest,Probable for start of season
Philadelphia,Adem Bona,PF,"Sat, Jul 19",Rest,Probable for start of season
Philadelphia,Paul George,SF,"Mon, Jul 14",Knee,Probable for start of season
Philadelphia,Jared McCain,SG,"Tue, Jun 24",Knee,Probable for start of season
Philadelphia,Kelly Oubre Jr.,SG,"Tue, Jun 24",Knee,Probable for start of season
Philadelphia,Joel Embiid,C,"Tue, Jun 24",Knee,Probable for start of season
Philadelphia,Andre Drummond,C,"Tue, Jun 24",Toe,Probable for start of season
Philadelphia,Tyrese Maxey,PG,"Tue, Jun 24",Finger,Probable for start of season
Phoenix,Koby Brea,SF,"Thu, Jul 24",Thumb,Probable for start of season
Phoenix,Nick Richards,C,"Tue, Jun 24",Elbow,Probable for start of season
Portland,Yang Hansen,C,"Thu, Jul 24",Rest,Probable for start of season
Portland,Damian Lillard,PG,"Thu, Jul 24",Achilles,Expected to be out until at least Apr 1
Portland,Scoot Henderson,PG,"Tue, Jun 24",Concussion,Probable for start of season
Portland,Shaedon Sharpe,SG,"Tue, Jun 24",Knee,Probable for start of season
Portland,Robert Williams III,C,"Tue, Jun 24",Knee,Probable for start of season
Portland,Jerami Grant,PF,"Tue, Jun 24",Knee,Probable for start of season
Portland,Deni Avdija,SF,"Tue, Jun 24",Thumb,Probable for start of season
Sacramento,Malik Monk,SG,"Tue, Jun 24",Calf,Probable for start of season
San Antonio,Carter Bryant,SF,"Thu, Jul 24",Undisclosed,Probable for start of season
San Antonio,Riley Minix,SF,"Mon, Jul 21",Undisclosed,Probable for start of season
San Antonio,Jeremy Sochan,SF,"Tue, Jun 24",Back,Probable for start of season
San Antonio,De'Aaron Fox,PG,"Tue, Jun 24",Finger,Probable for start of season
San Antonio,Kelly Olynyk,PF,"Tue, Jun 24",Heel,Probable for start of season
San Antonio,Devin Vassell,SG,"Tue, Jun 24",Ankle,Probable for start of season
Toronto,AJ Lawson,SG,"Mon, Jul 21",Hip,Probable for start of season
Toronto,Gradey Dick,SG,"Tue, Jun 24",Knee,Probable for start of season
Toronto,Brandon Ingram,SF,"Tue, Jun 24",Ankle,Probable for start of season
Toronto,Jakob Poeltl,C,"Tue, Jun 24",Hand,Probable for start of season
Utah,RJ Luis Jr.,SG,"Thu, Jul 24",Knee,Probable for start of season
Utah,Walter Clayton Jr.,PG,"Thu, Jul 24",Hamstring,Probable for start of season
Utah,Isaiah Collier,PG,"Sat, Jul 19",Back,Probable for start of season
Utah,Kyle Filipowski,C,"Sat, Jul 19",Rest,Probable for start of season
Utah,Brice Sensabaugh,SG,"Sat, Jul 19",Knee,Probable for start of season
Utah,Taylor Hendricks,PF,"Tue, Jun 24",Lower Leg,Probable for start of season
Utah,Lauri Markkanen,PF,"Tue, Jun 24",Knee,Probable for start of season
Utah,Walker Kessler,C,"Tue, Jun 24",Concussion,Probable for start of season
Utah,Kenyon Martin Jr.,SF,"Tue, Jun 24",Illness,Probable for start of season
Washington,Will Riley,SF,"Thu, Jul 24",Thumb,Probable for start of season
Washington,Tre Johnson,SG,"Thu, Jul 24",Hamstring,Probable for start of season
Washington,Carlton Carrington,PG,"Wed, Jul 16",Rest,Probable for start of season
Washington,Alex Sarr,C,"Wed, Jul 16",Rest,Probable for start of season
Washington,Kyshawn George,SF,"Wed, Jul 16",Rest,Probable for start of season
Washington,Bilal Coulibaly,SF,"Tue, Jun 24",Hamstring,Probable for start of season
Washington,Corey Kispert,SG,"Tue, Jun 24",Thumb,Probable for start of season
Washington,Khris Middleton,SF,"Tue, Jun 24",Knee,Probable for start of season
