teamName,playerName,position,updated,injury,injuryStatus
Anaheim,Ross Johnston,LW,"Fri, Mar 21",Upper Body,Day-to-Day
Anaheim,Nikita Nesterenko,C,"Fri, Mar 21",Undisclosed,Day-to-Day
Anaheim,Sam Colangelo,RW,"Fri, Mar 21",Upper Body,Day-to-Day
Anaheim,Robby Fabbri,C,"Sun, Mar 16",Upper Body,IR. Expected to be out until at least Mar 30
Anaheim,Brock McGinn,LW,"Mon, Jan 27",Lower Body,IR. Expected to be out until at least Sep 15
Boston,Mark Kastelic,C,"Sat, Mar 22",Upper Body,Expected to be out until at least Apr 1
Boston,Charlie McAvoy,D,"Tue, Mar 11",Shoulder,IR. Expected to be out until at least Apr 15
Boston,Hampus Lindholm,D,"Sun, Feb 23",Kneecap,IR. Expected to be out until at least May 1
Buffalo,Sam Lafferty,C,"Sat, Mar 22",Groin,Expected to be out until at least Mar 25
Buffalo,Josh Norris,C,"Sat, Mar 22",Undisclosed,Expected to be out until at least Mar 23
Buffalo,Jiri Kulich,C,"Sat, Mar 22",Concussion,Expected to be out until at least Mar 23
Calgary,Joel Farabee,LW,"Sat, Mar 22",Illness,Expected to be out until at least Mar 25
Calgary,Mikael Backlund,C,"Wed, Mar 19",Upper Body,Expected to be out until at least Mar 25
Calgary,Justin Kirkland,LW,"Mon, Jan 27",Knee,IR. Expected to be out until at least Sep 15
Calgary,Anthony Mantha,RW,"Mon, Jan 27",Knee,IR. Expected to be out until at least Sep 15
Carolina,Seth Jarvis,C,"Sat, Mar 22",Undisclosed,Day-to-Day
Carolina,Shayne Gostisbehere,D,"Sat, Mar 22",Illness,Expected to be out until at least Mar 23
Carolina,Andrei Svechnikov,RW,"Sat, Mar 22",Upper Body,Expected to be out until at least Mar 23
Carolina,Jordan Staal,C,"Sat, Mar 22",Lower Body,Expected to be out until at least Mar 23
Carolina,William Carrier,LW,"Wed, Mar 19",Lower Body,Expected to be out until at least Apr 17
Carolina,Jesper Fast,RW,"Mon, Jan 27",Neck,IR. Expected to be out until at least Sep 15
Chicago,Jason Dickinson,C,"Sat, Mar 22",Undisclosed,Day-to-Day
Chicago,Alec Martinez,D,"Sat, Mar 22",Undisclosed,Day-to-Day
Chicago,Colton Dach,C,"Fri, Mar 21",Elbow,Expected to be out until at least Mar 23
Chicago,Laurent Brossoit,G,"Thu, Mar 6",Knee,IR. Expected to be out until at least Sep 15
Colorado,Samuel Girard,D,"Sat, Mar 22",Lower Body,Expected to be out until at least Mar 25
Colorado,Josh Manson,D,"Wed, Mar 19",Upper Body,Expected to be out until at least Apr 10
Colorado,Gabriel Landeskog,LW,"Mon, Mar 3",Knee,IR. Expected to be out until at least Apr 17
Columbus,Daniil Tarasov,G,"Sat, Mar 22",Illness,Day-to-Day
Columbus,Jake Christiansen,D,"Sat, Mar 22",Upper Body,Day-to-Day
Columbus,Erik Gudbranson,D,"Wed, Mar 19",Shoulder,IR. Expected to be out until at least Mar 24
Columbus,Cole Sillinger,C,"Wed, Mar 19",Shoulder,IR. Expected to be out until at least Mar 24
Columbus,Kevin Labanc,RW,"Tue, Mar 18",Shoulder,IR. Expected to be out until at least Sep 15
Columbus,Sean Monahan,C,"Tue, Mar 4",Wrist,IR. Expected to be out until at least Mar 24
Dallas,Miro Heiskanen,D,"Tue, Mar 18",Knee,IR. Expected to be out until at least May 3
Dallas,Nils Lundkvist,D,"Tue, Mar 18",Shoulder,IR. Expected to be out until at least Sep 15
Dallas,Tyler Seguin,C,"Tue, Mar 18",Hip,IR. Expected to be out until at least Apr 16
Detroit,Carter Mazur,LW,"Sat, Mar 22",Upper Body,IR. Expected to be out until at least Apr 4
Detroit,Erik Gustafsson,D,"Fri, Mar 21",Undisclosed,Expected to be out until at least Apr 8
Detroit,Elmer Soderblom,LW,"Fri, Mar 21",Undisclosed,Expected to be out until at least Mar 24
Detroit,Jeff Petry,D,"Thu, Mar 20",Undisclosed,IR. Expected to be out until at least Mar 24
Detroit,Andrew Copp,C,"Tue, Feb 25",Pectoral,IR. Expected to be out until at least Sep 15
Edmonton,John Klingberg,D,"Sat, Mar 22",Undisclosed,Expected to be out until at least Mar 26
Edmonton,Connor McDavid,C,"Fri, Mar 21",Lower Body,Expected to be out until at least Mar 26
Edmonton,Leon Draisaitl,C,"Fri, Mar 21",Undisclosed,Expected to be out until at least Mar 26
Edmonton,Alec Regula,D,"Tue, Mar 18",Knee,IR. Expected to be out until at least Mar 26
Edmonton,Evander Kane,LW,"Fri, Mar 7",Knee,IR. Expected to be out until at least Apr 18
Florida,Brad Marchand,LW,"Wed, Mar 19",Upper Body,Expected to be out until at least Mar 28
Florida,Dmitry Kulikov,D,"Wed, Mar 19",Upper Body,Expected to be out until at least Apr 8
Florida,Matthew Tkachuk,LW,"Mon, Mar 3",Groin,IR. Expected to be out until at least Apr 17
Minnesota,Marcus Foligno,LW,"Fri, Mar 21",Upper Body,Expected to be out until at least Mar 24
Minnesota,Joel Eriksson Ek,C,"Thu, Mar 13",Lower Body,IR. Expected to be out until at least Mar 24
Minnesota,Kirill Kaprizov,LW,"Sun, Mar 9",Lower Body,IR. Expected to be out until at least Apr 6
Montreal,Kaiden Guhle,D,"Wed, Mar 19",Quadriceps,Expected to be out until at least Mar 30
Montreal,Carey Price,G,"Tue, Mar 18",Knee,IR. Expected to be out until at least Sep 15
Montreal,Kirby Dach,C,"Sun, Mar 2",Knee,IR. Expected to be out until at least Sep 15
Nashville,Roman Josi,D,"Tue, Mar 18",Upper Body,IR. Expected to be out until at least Apr 16
Nashville,Adam Wilsby,D,"Fri, Feb 21",Upper Body,IR. Expected to be out until at least Sep 15
Nashville,Jeremy Lauzon,D,"Tue, Feb 18",Lower Body,IR. Expected to be out until at least Sep 15
New Jersey,Ondrej Palat,LW,"Sat, Mar 22",Undisclosed,Expected to be out until at least Mar 24
New Jersey,Dougie Hamilton,D,"Wed, Mar 19",Lower Body,Expected to be out until at least Apr 28
New Jersey,Jonas Siegenthaler,D,"Fri, Mar 7",Lower Body,IR. Expected to be out until at least Apr 18
New Jersey,Jack Hughes,C,"Wed, Mar 5",Shoulder,IR. Expected to be out until at least Sep 15
N.Y. Islanders,Adam Boqvist,D,"Sat, Mar 22",Upper Body,Expected to be out until at least Mar 24
N.Y. Islanders,Mathew Barzal,C,"Sat, Mar 8",Kneecap,IR. Expected to be out until at least Apr 1
N.Y. Islanders,Semyon Varlamov,G,"Sat, Mar 8",Lower Body,IR. Expected to be out until at least Apr 17
N.Y. Rangers,Arthur Kaliyev,RW,"Wed, Mar 19",Upper Body,Expected to be out until at least Sep 15
N.Y. Rangers,Adam Edstrom,C,"Tue, Feb 4",Lower Body,IR. Expected to be out until at least Apr 17
Ottawa,Nick Jensen,D,"Sat, Mar 22",Lower Body,Expected to be out until at least Mar 25
Ottawa,Nick Cousins,C,"Sat, Feb 22",Knee,IR. Expected to be out until at least Apr 1
Philadelphia,Garnet Hathaway,RW,"Sat, Mar 22",Upper Body,Expected to be out until at least Mar 23
Philadelphia,Rasmus Ristolainen,D,"Thu, Mar 20",Upper Body,Expected to be out until at least Mar 27
Philadelphia,Ryan Ellis,D,"Mon, Jan 27",Back,IR. Expected to be out until at least Sep 15
Pittsburgh,Tommy Novak,C,"Sat, Mar 22",Lower Body,Day-to-Day
Pittsburgh,Emil Bemstrom,C,"Sat, Mar 22",Undisclosed,Day-to-Day
Pittsburgh,Ryan Shea,D,"Wed, Mar 19",Upper Body,Expected to be out until at least Mar 30
Pittsburgh,Pierre-Olivier Joseph,D,"Tue, Mar 18",Upper Body,IR. Expected to be out until at least Mar 30
San Jose,Marc-Edouard Vlasic,D,"Sat, Mar 22",Upper Body,Expected to be out until at least Mar 27
San Jose,Henry Thrun,D,"Wed, Mar 19",Upper Body,Expected to be out until at least Mar 30
San Jose,Jan Rutta,D,"Mon, Mar 10",Lower Body,IR. Expected to be out until at least Apr 13
San Jose,Logan Couture,C,"Sat, Mar 1",Groin,IR. Expected to be out until at least Sep 15
Seattle,Chandler Stephenson,C,"Sat, Mar 22",Undisclosed,Expected to be out until at least Mar 25
St. Louis,Pavel Buchnevich,LW,"Sat, Mar 22",Illness,Expected to be out until at least Mar 23
St. Louis,Colton Parayko,D,"Wed, Mar 19",Knee,Expected to be out until at least Apr 17
St. Louis,Torey Krug,D,"Mon, Jan 27",Ankle,IR. Expected to be out until at least Sep 15
Tampa Bay,Jonas Johansson,G,"Sat, Mar 22",Personal,Expected to be out until at least Mar 25
Toronto,Max Pacioretty,LW,"Sat, Mar 15",Undisclosed,IR. Expected to be out until at least Mar 30
Toronto,Jani Hakanpaa,D,"Sat, Mar 8",Knee,IR. Expected to be out until at least Mar 30
Utah,Robert Bortuzzo,D,"Thu, Mar 20",Lower Body,IR. Expected to be out until at least Mar 24
Utah,Liam O'Brien,LW,"Wed, Mar 19",Lower Body,Expected to be out until at least Apr 12
Vancouver,Thatcher Demko,G,"Sat, Mar 22",Lower Body,IR. Expected to be out until at least Mar 24
Vancouver,Nils Hoglander,LW,"Sat, Mar 22",Undisclosed,Day-to-Day
Vancouver,Filip Chytil,C,"Sat, Mar 22",Concussion,Expected to be out until at least Mar 30
Vancouver,Elias Pettersson,C,"Sat, Mar 22",Undisclosed,Day-to-Day
Vancouver,Noah Juulsen,D,"Thu, Feb 27",Groin,IR. Expected to be out until at least Sep 15
Vegas,Shea Theodore,D,"Thu, Mar 20",Arm,IR. Expected to be out until at least Apr 6
Vegas,Raphael Lavoie,C,"Thu, Mar 20",Upper Body,IR. Expected to be out until at least Mar 25
Vegas,Robin Lehner,G,"Mon, Jan 27",Hip,IR. Expected to be out until at least Sep 15
Washington,Sonny Milano,LW,"Fri, Mar 7",Upper Body,IR. Expected to be out until at least Apr 1
Washington,T.J. Oshie,RW,"Mon, Jan 27",Back,IR. Expected to be out until at least Sep 15
Washington,Nicklas Backstrom,C,"Mon, Jan 27",Hip,IR. Expected to be out until at least Jul 1
Winnipeg,Neal Pionk,D,"Wed, Mar 19",Lower Body,Expected to be out until at least Mar 25
